0f5f9b3e,Dr. Aubrey96  Corkery305,Internal medicine,7575071520,2025 GLENN MITCHELL DRIVE,VIRGINIA BEACH,VA,23456
254d3102,Dr. Frederic454 White193,Neurology,5557551737, 747 52ND STREET,OAKLAND,CA,94609
e294f205,Dr. Lincoln623 Goldner995,Clinical Oncology,6667561767,10700 MCPHERSON ROAD,LAREDO,TX,78041
5826716e,Dr. Eugenio846 Kerluke267,Family Practice,5552057372,"736 BATTLEFIELD BLVD, NORTH",CHESAPEAKE,VA,23320
8c66c002,Dr. Lloyd546 Effertz744,Dermatology,8088224961,4800 KAWAIHAU ROAD,KAPAA,HI,96746
e3440d3f,Dr. Antonia30 Stark857,Family Practice,9075632662,4315 DIPLOMACY DR,ANCHORAGE,AK,99508
f0117735,Dr. Willy639 VonRueden376,Internal medicine,9498374500,24451 HEALTH CENTER DRIVE,LAGUNA HILLS,CA,92653
c4a72900,Dr. Noe500 Dibbert990,General Medicine,9075622211,3200 PROVIDENCE DRIVE,ANCHORAGE,AK,99508
c4a72900,Dr. Sofia418 Menendez746,Gynecology,6263350231,150 WEST ROUTE 66,GLENDORA,CA,91740
1b0656e5,Dr. Lilliana632 Brakus656,Radiology,8307758566,801 BEDELL AVE,DEL RIO,TX,78840
