6a777679,SENTARA PRINCESS ANNE HOSPITAL,7575071520,2025 GLENN MITCHELL DRIVE,VIRGINIA BEACH,VA,23456
cb2c590e,HILLCREST BAPTIST MEDICAL CENTER,2542022000,100 HILLCREST MEDICAL BLVD,WACO,TX,76712
23cab562,CHILDREN HOSPITAL ,5104283000,747 52ND STREET,OAKLAND,CA,94609
8ad84ff8,MARY IMMACULATE HOSPITAL,7578866000,2 BERNARDINE DRIVE,NEWPORT NEWS,VA,23602
06066802,DOCTORS HOSPITAL OF LAREDO,9565232000,10700 MCPHERSON ROAD,LAREDO,TX,78041
194f938f,ALASKA REGIONAL HOSPITAL,9072761131,2801 DEBARR ROAD,ANCHORAGE,AK,99508
76c72b22,PARIS REGIONAL MEDICAL CENTER,9037854521,820 CLARKSVILLE ST,PARIS,TX,75460
5ddfe33b,BURLESON ST JOSEPH HEALTH CENTER,9795673245,1101 WOODSON DRIVE,CALDWELL,TX,77836
8ad84ff8,MARY IMMACULATE HOSPITAL,7578866000,2 BERNARDINE DRIVE,NEWPORT NEWS,VA,23602
06066802,YUKON KUSKOKWIM DELTA REG HOSPITAL,9075436300,PO BOX 287,BETHEL,AK,99559
